danceability,energy,key,loudness,mode,speechiness,acousticness,instrumentalness,liveness,valence,tempo,type,id,uri,track_href,analysis_url,duration_ms,time_signature,playlist_name
0.746,0.557,0,-15.489,0,0.0735,0.11,0.776,0.0952,0.0937,125.009,audio_features,59TtZwHKmTWhbZ5xOBGB7q,spotify:track:59TtZwHKmTWhbZ5xOBGB7q,https://api.spotify.com/v1/tracks/59TtZwHKmTWhbZ5xOBGB7q,https://api.spotify.com/v1/audio-analysis/59TtZwHKmTWhbZ5xOBGB7q,470018,4,pink
0.642,0.681,11,-14.59,1,0.0468,0.0518,0.923,0.0974,0.335,132.994,audio_features,0RG0F3JOQY6bQeXkXqTfCo,spotify:track:0RG0F3JOQY6bQeXkXqTfCo,https://api.spotify.com/v1/tracks/0RG0F3JOQY6bQeXkXqTfCo,https://api.spotify.com/v1/audio-analysis/0RG0F3JOQY6bQeXkXqTfCo,382672,4,pink
0.633,0.674,10,-11.798,0,0.0477,0.0651,0.895,0.111,0.331,123.997,audio_features,59GfUnGp6vrgZIeZhlgROU,spotify:track:59GfUnGp6vrgZIeZhlgROU,https://api.spotify.com/v1/tracks/59GfUnGp6vrgZIeZhlgROU,https://api.spotify.com/v1/audio-analysis/59GfUnGp6vrgZIeZhlgROU,435480,4,pink
0.761,0.699,5,-11.836,0,0.0597,0.0474,0.848,0.0934,0.643,118.001,audio_features,1RL9gghbn6lqDyCTPteNfB,spotify:track:1RL9gghbn6lqDyCTPteNfB,https://api.spotify.com/v1/tracks/1RL9gghbn6lqDyCTPteNfB,https://api.spotify.com/v1/audio-analysis/1RL9gghbn6lqDyCTPteNfB,327458,4,pink
0.0744,0.129,5,-23.929,0,0.038,0.808,0.869,0.0998,0.0841,80.046,audio_features,5HyHcVDIdda1M2SsAPVszp,spotify:track:5HyHcVDIdda1M2SsAPVszp,https://api.spotify.com/v1/tracks/5HyHcVDIdda1M2SsAPVszp,https://api.spotify.com/v1/audio-analysis/5HyHcVDIdda1M2SsAPVszp,368478,4,pink
0.359,0.832,4,-11.673,0,0.0531,0.0394,0.849,0.223,0.189,119.973,audio_features,6gHf1zomfvUf890Dr7S7Hq,spotify:track:6gHf1zomfvUf890Dr7S7Hq,https://api.spotify.com/v1/tracks/6gHf1zomfvUf890Dr7S7Hq,https://api.spotify.com/v1/audio-analysis/6gHf1zomfvUf890Dr7S7Hq,556000,4,pink
0.625,0.59,8,-19.526,1,0.0414,0.591,0.952,0.134,0.105,126.005,audio_features,3J4eEioZZgEZKo4weV4fst,spotify:track:3J4eEioZZgEZKo4weV4fst,https://api.spotify.com/v1/tracks/3J4eEioZZgEZKo4weV4fst,https://api.spotify.com/v1/audio-analysis/3J4eEioZZgEZKo4weV4fst,373950,4,pink
0.453,0.857,6,-10.954,0,0.0525,0.024,0.921,0.115,0.862,124.324,audio_features,6xRIPyQUgWj2uBq3dQLJPU,spotify:track:6xRIPyQUgWj2uBq3dQLJPU,https://api.spotify.com/v1/tracks/6xRIPyQUgWj2uBq3dQLJPU,https://api.spotify.com/v1/audio-analysis/6xRIPyQUgWj2uBq3dQLJPU,598152,4,pink
0.717,0.298,5,-21.167,0,0.0541,0.696,0.92,0.0972,0.653,125.001,audio_features,0I91CJbfao9RJjkRWjVfy0,spotify:track:0I91CJbfao9RJjkRWjVfy0,https://api.spotify.com/v1/tracks/0I91CJbfao9RJjkRWjVfy0,https://api.spotify.com/v1/audio-analysis/0I91CJbfao9RJjkRWjVfy0,493492,4,pink
0.727,0.598,6,-12.26,1,0.0565,0.000552,0.913,0.113,0.409,130.008,audio_features,1UwY5v29Q3rfG0Zu5vOtyQ,spotify:track:1UwY5v29Q3rfG0Zu5vOtyQ,https://api.spotify.com/v1/tracks/1UwY5v29Q3rfG0Zu5vOtyQ,https://api.spotify.com/v1/audio-analysis/1UwY5v29Q3rfG0Zu5vOtyQ,323077,3,pink
0.802,0.623,7,-12.179,1,0.0572,0.0742,0.835,0.0879,0.0354,116.982,audio_features,4JNkt8DUsVf3PKkks17OBW,spotify:track:4JNkt8DUsVf3PKkks17OBW,https://api.spotify.com/v1/tracks/4JNkt8DUsVf3PKkks17OBW,https://api.spotify.com/v1/audio-analysis/4JNkt8DUsVf3PKkks17OBW,409677,4,pink
0.505,0.555,1,-14.781,1,0.0331,0.0625,0.926,0.111,0.384,126.129,audio_features,7e8A5Jg2OY3xNOiQkZXClk,spotify:track:7e8A5Jg2OY3xNOiQkZXClk,https://api.spotify.com/v1/tracks/7e8A5Jg2OY3xNOiQkZXClk,https://api.spotify.com/v1/audio-analysis/7e8A5Jg2OY3xNOiQkZXClk,518220,4,pink
0.643,0.659,5,-14.754,0,0.0426,0.66,0.933,0.11,0.61,125.995,audio_features,5QUrf9m0pRYani3wEeXTlH,spotify:track:5QUrf9m0pRYani3wEeXTlH,https://api.spotify.com/v1/tracks/5QUrf9m0pRYani3wEeXTlH,https://api.spotify.com/v1/audio-analysis/5QUrf9m0pRYani3wEeXTlH,456419,4,pink
0.653,0.407,7,-17.596,1,0.0533,0.000458,0.856,0.09,0.0379,124.002,audio_features,2dkPQWL3DrOqY0YOJIDoMa,spotify:track:2dkPQWL3DrOqY0YOJIDoMa,https://api.spotify.com/v1/tracks/2dkPQWL3DrOqY0YOJIDoMa,https://api.spotify.com/v1/audio-analysis/2dkPQWL3DrOqY0YOJIDoMa,360000,4,pink
0.715,0.613,10,-13.338,0,0.0555,0.16,0.878,0.0996,0.3,126.013,audio_features,2D5fzycrDxNWHTyXeAVKPa,spotify:track:2D5fzycrDxNWHTyXeAVKPa,https://api.spotify.com/v1/tracks/2D5fzycrDxNWHTyXeAVKPa,https://api.spotify.com/v1/audio-analysis/2D5fzycrDxNWHTyXeAVKPa,461163,4,pink
0.768,0.879,7,-10.829,1,0.0503,0.00819,0.923,0.113,0.135,137.011,audio_features,3uTT6SGgbCEsPWjwV4Y3V7,spotify:track:3uTT6SGgbCEsPWjwV4Y3V7,https://api.spotify.com/v1/tracks/3uTT6SGgbCEsPWjwV4Y3V7,https://api.spotify.com/v1/audio-analysis/3uTT6SGgbCEsPWjwV4Y3V7,325027,5,pink
0.429,0.541,7,-21.044,1,0.0713,0.887,0.945,0.0954,0.075,199.951,audio_features,0UOnjBmxnoampyKPp4UH9h,spotify:track:0UOnjBmxnoampyKPp4UH9h,https://api.spotify.com/v1/tracks/0UOnjBmxnoampyKPp4UH9h,https://api.spotify.com/v1/audio-analysis/0UOnjBmxnoampyKPp4UH9h,364800,3,pink
0.716,0.279,5,-16.468,1,0.0307,0.678,0.894,0.647,0.33,99.991,audio_features,5b7bVWF216mwd5G0iOKn3h,spotify:track:5b7bVWF216mwd5G0iOKn3h,https://api.spotify.com/v1/tracks/5b7bVWF216mwd5G0iOKn3h,https://api.spotify.com/v1/audio-analysis/5b7bVWF216mwd5G0iOKn3h,391197,4,pink
0.796,0.671,4,-15.652,0,0.0533,0.0653,0.924,0.246,0.111,122.01,audio_features,1XTdu7yWXMAzCptGZ8xQmc,spotify:track:1XTdu7yWXMAzCptGZ8xQmc,https://api.spotify.com/v1/tracks/1XTdu7yWXMAzCptGZ8xQmc,https://api.spotify.com/v1/audio-analysis/1XTdu7yWXMAzCptGZ8xQmc,424923,4,pink
0.797,0.691,1,-9.254,1,0.061,0.037,0.9,0.0905,0.389,119.99,audio_features,7JGsQPeoTuwpQTCZh130FR,spotify:track:7JGsQPeoTuwpQTCZh130FR,https://api.spotify.com/v1/tracks/7JGsQPeoTuwpQTCZh130FR,https://api.spotify.com/v1/audio-analysis/7JGsQPeoTuwpQTCZh130FR,309000,4,pink
0.697,0.677,10,-13.755,0,0.0603,0.359,0.907,0.113,0.259,125.006,audio_features,1QMltlOuqCutdrl2ofMGrE,spotify:track:1QMltlOuqCutdrl2ofMGrE,https://api.spotify.com/v1/tracks/1QMltlOuqCutdrl2ofMGrE,https://api.spotify.com/v1/audio-analysis/1QMltlOuqCutdrl2ofMGrE,418064,4,pink
0.323,0.282,2,-15.249,1,0.0308,0.977,0.806,0.0928,0.049,179.826,audio_features,13GTf7Zbni5PyPr9bCzrNI,spotify:track:13GTf7Zbni5PyPr9bCzrNI,https://api.spotify.com/v1/tracks/13GTf7Zbni5PyPr9bCzrNI,https://api.spotify.com/v1/audio-analysis/13GTf7Zbni5PyPr9bCzrNI,215500,3,pink
0.399,0.315,7,-22.314,1,0.0392,0.798,0.939,0.434,0.0505,89.985,audio_features,0JxYzv0KXh2XuC9EVANl9a,spotify:track:0JxYzv0KXh2XuC9EVANl9a,https://api.spotify.com/v1/tracks/0JxYzv0KXh2XuC9EVANl9a,https://api.spotify.com/v1/audio-analysis/0JxYzv0KXh2XuC9EVANl9a,277356,4,pink
0.787,0.552,2,-18.463,1,0.0496,0.718,0.908,0.11,0.0389,121.995,audio_features,6KOJ91rYLTy4TXaMxgxBll,spotify:track:6KOJ91rYLTy4TXaMxgxBll,https://api.spotify.com/v1/tracks/6KOJ91rYLTy4TXaMxgxBll,https://api.spotify.com/v1/audio-analysis/6KOJ91rYLTy4TXaMxgxBll,448959,3,pink
0.156,0.32,1,-18.227,1,0.0497,0.421,0.871,0.0966,0.0531,88.088,audio_features,4HxSxUgieYyCFOgBj1W0y5,spotify:track:4HxSxUgieYyCFOgBj1W0y5,https://api.spotify.com/v1/tracks/4HxSxUgieYyCFOgBj1W0y5,https://api.spotify.com/v1/audio-analysis/4HxSxUgieYyCFOgBj1W0y5,479999,4,pink
0.51,0.71,11,-18.191,0,0.0476,0.379,0.865,0.0921,0.0773,127.989,audio_features,3qH4NWM8iXkEMLpIMEEqaP,spotify:track:3qH4NWM8iXkEMLpIMEEqaP,https://api.spotify.com/v1/tracks/3qH4NWM8iXkEMLpIMEEqaP,https://api.spotify.com/v1/audio-analysis/3qH4NWM8iXkEMLpIMEEqaP,447089,4,pink
0.576,0.726,4,-11.738,0,0.0372,0.106,0.863,0.271,0.0604,123.988,audio_features,2gwrqcmWu4qWeaLq5EfsnU,spotify:track:2gwrqcmWu4qWeaLq5EfsnU,https://api.spotify.com/v1/tracks/2gwrqcmWu4qWeaLq5EfsnU,https://api.spotify.com/v1/audio-analysis/2gwrqcmWu4qWeaLq5EfsnU,387097,4,pink
0.647,0.691,4,-10.504,0,0.0367,0.00302,0.875,0.0988,0.0847,127.002,audio_features,2uNVgeqKzIzxhpkaXP2HaW,spotify:track:2uNVgeqKzIzxhpkaXP2HaW,https://api.spotify.com/v1/tracks/2uNVgeqKzIzxhpkaXP2HaW,https://api.spotify.com/v1/audio-analysis/2uNVgeqKzIzxhpkaXP2HaW,553701,4,pink
0.676,0.82,6,-11.827,1,0.0428,0.000509,0.866,0.378,0.18,117.003,audio_features,0DpkRS1cffZWm5U84WGBR8,spotify:track:0DpkRS1cffZWm5U84WGBR8,https://api.spotify.com/v1/tracks/0DpkRS1cffZWm5U84WGBR8,https://api.spotify.com/v1/audio-analysis/0DpkRS1cffZWm5U84WGBR8,506536,3,pink
0.658,0.505,6,-14.758,1,0.0497,0.00865,0.894,0.111,0.519,103.003,audio_features,5G7iEvbczLFcXqTbpsPWtl,spotify:track:5G7iEvbczLFcXqTbpsPWtl,https://api.spotify.com/v1/tracks/5G7iEvbczLFcXqTbpsPWtl,https://api.spotify.com/v1/audio-analysis/5G7iEvbczLFcXqTbpsPWtl,430115,4,pink
0.692,0.716,7,-12.105,1,0.0402,0.00175,0.882,0.0741,0.315,122.999,audio_features,0HcjEXebwsEQK2EXiHu3BG,spotify:track:0HcjEXebwsEQK2EXiHu3BG,https://api.spotify.com/v1/tracks/0HcjEXebwsEQK2EXiHu3BG,https://api.spotify.com/v1/audio-analysis/0HcjEXebwsEQK2EXiHu3BG,500216,4,blue
0.647,0.616,6,-11.806,1,0.0373,0.772,0.912,0.111,0.372,118.013,audio_features,3YVVKUhSpawI2ithcarRgg,spotify:track:3YVVKUhSpawI2ithcarRgg,https://api.spotify.com/v1/tracks/3YVVKUhSpawI2ithcarRgg,https://api.spotify.com/v1/audio-analysis/3YVVKUhSpawI2ithcarRgg,335842,4,blue
0.687,0.753,9,-10.661,0,0.0454,0.000182,0.859,0.051,0.598,143.028,audio_features,1AcEQuzCKa85MOnx6WMqyn,spotify:track:1AcEQuzCKa85MOnx6WMqyn,https://api.spotify.com/v1/tracks/1AcEQuzCKa85MOnx6WMqyn,https://api.spotify.com/v1/audio-analysis/1AcEQuzCKa85MOnx6WMqyn,247197,4,blue
0.72,0.677,3,-13.349,0,0.0426,0.117,0.936,0.112,0.584,120.006,audio_features,3gB8UXhTrbM9qejE3red7P,spotify:track:3gB8UXhTrbM9qejE3red7P,https://api.spotify.com/v1/tracks/3gB8UXhTrbM9qejE3red7P,https://api.spotify.com/v1/audio-analysis/3gB8UXhTrbM9qejE3red7P,484000,4,blue
0.674,0.667,6,-18.986,1,0.043,0.0691,0.848,0.308,0.0378,123.985,audio_features,3JZW6iTeO2Ho8lXk0LEOYO,spotify:track:3JZW6iTeO2Ho8lXk0LEOYO,https://api.spotify.com/v1/tracks/3JZW6iTeO2Ho8lXk0LEOYO,https://api.spotify.com/v1/audio-analysis/3JZW6iTeO2Ho8lXk0LEOYO,638710,4,blue
0.246,0.221,1,-23.569,0,0.065,0.982,0.934,0.27,0.033,141.025,audio_features,1N6uOhhRo8ZMYShurYfH3J,spotify:track:1N6uOhhRo8ZMYShurYfH3J,https://api.spotify.com/v1/tracks/1N6uOhhRo8ZMYShurYfH3J,https://api.spotify.com/v1/audio-analysis/1N6uOhhRo8ZMYShurYfH3J,1326000,4,blue
0.684,0.96,6,-8.605,1,0.0454,1.05E-05,0.896,0.0909,0.343,136.99,audio_features,6fr1g7TqyLtZC3WqSKovcb,spotify:track:6fr1g7TqyLtZC3WqSKovcb,https://api.spotify.com/v1/tracks/6fr1g7TqyLtZC3WqSKovcb,https://api.spotify.com/v1/audio-analysis/6fr1g7TqyLtZC3WqSKovcb,446626,4,blue
0.787,0.83,11,-5.786,1,0.0381,0.33,0.938,0.109,0.0742,129.995,audio_features,35QVQp2xnayyflqM83mSmG,spotify:track:35QVQp2xnayyflqM83mSmG,https://api.spotify.com/v1/tracks/35QVQp2xnayyflqM83mSmG,https://api.spotify.com/v1/audio-analysis/35QVQp2xnayyflqM83mSmG,299538,1,blue
0.777,0.91,4,-10.05,0,0.0412,0.00248,0.925,0.112,0.358,135.015,audio_features,5Gjy4xKZSHLlFjWaQ0qgTu,spotify:track:5Gjy4xKZSHLlFjWaQ0qgTu,https://api.spotify.com/v1/tracks/5Gjy4xKZSHLlFjWaQ0qgTu,https://api.spotify.com/v1/audio-analysis/5Gjy4xKZSHLlFjWaQ0qgTu,315234,4,blue
0.68,0.628,11,-11.377,0,0.062,0.000104,0.735,0.114,0.23,123.958,audio_features,0uX65S9mUj9xBQZO6YC9bh,spotify:track:0uX65S9mUj9xBQZO6YC9bh,https://api.spotify.com/v1/tracks/0uX65S9mUj9xBQZO6YC9bh,https://api.spotify.com/v1/audio-analysis/0uX65S9mUj9xBQZO6YC9bh,452919,4,blue
0.623,0.569,7,-17.256,1,0.0433,0.419,0.879,0.125,0.0604,127.991,audio_features,42WjfDtnP5Ktt8GzpPAwkq,spotify:track:42WjfDtnP5Ktt8GzpPAwkq,https://api.spotify.com/v1/tracks/42WjfDtnP5Ktt8GzpPAwkq,https://api.spotify.com/v1/audio-analysis/42WjfDtnP5Ktt8GzpPAwkq,405000,4,blue
0.662,0.412,8,-17.719,1,0.0381,0.284,0.949,0.0975,0.113,120.018,audio_features,24hEaPzg15qPoFzIEn98IZ,spotify:track:24hEaPzg15qPoFzIEn98IZ,https://api.spotify.com/v1/tracks/24hEaPzg15qPoFzIEn98IZ,https://api.spotify.com/v1/audio-analysis/24hEaPzg15qPoFzIEn98IZ,492408,4,blue
0.758,0.521,1,-8.837,1,0.0841,0.458,0.877,0.0617,0.285,134.968,audio_features,5hWQpqAGdn9EUTsXeLTEG6,spotify:track:5hWQpqAGdn9EUTsXeLTEG6,https://api.spotify.com/v1/tracks/5hWQpqAGdn9EUTsXeLTEG6,https://api.spotify.com/v1/audio-analysis/5hWQpqAGdn9EUTsXeLTEG6,394773,4,blue
0.588,0.511,11,-13.394,0,0.0394,0.000155,0.956,0.103,0.248,124.997,audio_features,34z31aetsx3JgXEuWeYbix,spotify:track:34z31aetsx3JgXEuWeYbix,https://api.spotify.com/v1/tracks/34z31aetsx3JgXEuWeYbix,https://api.spotify.com/v1/audio-analysis/34z31aetsx3JgXEuWeYbix,410145,4,blue
0.554,0.943,11,-8.934,0,0.0753,0.382,0.89,0.153,0.115,131.998,audio_features,3gg5juGZzZcJjcXyRWLCjs,spotify:track:3gg5juGZzZcJjcXyRWLCjs,https://api.spotify.com/v1/tracks/3gg5juGZzZcJjcXyRWLCjs,https://api.spotify.com/v1/audio-analysis/3gg5juGZzZcJjcXyRWLCjs,436365,4,blue
0.605,0.702,9,-12.031,0,0.062,0.548,0.89,0.0876,0.0823,112.02,audio_features,5jqJW9tITDRc7gyJLxzTL8,spotify:track:5jqJW9tITDRc7gyJLxzTL8,https://api.spotify.com/v1/tracks/5jqJW9tITDRc7gyJLxzTL8,https://api.spotify.com/v1/audio-analysis/5jqJW9tITDRc7gyJLxzTL8,383949,4,blue
0.725,0.962,7,-6.861,1,0.074,0.00606,0.906,0.0916,0.497,142.966,audio_features,6tkH1LfhiLA1xesGg5XCVb,spotify:track:6tkH1LfhiLA1xesGg5XCVb,https://api.spotify.com/v1/tracks/6tkH1LfhiLA1xesGg5XCVb,https://api.spotify.com/v1/audio-analysis/6tkH1LfhiLA1xesGg5XCVb,385500,4,blue
0.574,0.745,7,-10.278,1,0.0467,0.000299,0.831,0.108,0.0368,128.011,audio_features,6RLyLabnNlUyq5ePqBezOb,spotify:track:6RLyLabnNlUyq5ePqBezOb,https://api.spotify.com/v1/tracks/6RLyLabnNlUyq5ePqBezOb,https://api.spotify.com/v1/audio-analysis/6RLyLabnNlUyq5ePqBezOb,420000,4,blue
0.207,0.13,1,-20.633,1,0.051,0.917,0.845,0.169,0.0657,103.599,audio_features,3lo7f6hPjQiWhf1vWVwFDf,spotify:track:3lo7f6hPjQiWhf1vWVwFDf,https://api.spotify.com/v1/tracks/3lo7f6hPjQiWhf1vWVwFDf,https://api.spotify.com/v1/audio-analysis/3lo7f6hPjQiWhf1vWVwFDf,396000,5,blue
0.183,0.548,6,-12.017,0,0.0406,0.851,0.922,0.0948,0.184,199.901,audio_features,5uBEC59ZRcxNYeiyKp4yWf,spotify:track:5uBEC59ZRcxNYeiyKp4yWf,https://api.spotify.com/v1/tracks/5uBEC59ZRcxNYeiyKp4yWf,https://api.spotify.com/v1/audio-analysis/5uBEC59ZRcxNYeiyKp4yWf,326582,4,blue
0.399,0.315,7,-22.314,1,0.0392,0.798,0.939,0.434,0.0505,89.985,audio_features,0JxYzv0KXh2XuC9EVANl9a,spotify:track:0JxYzv0KXh2XuC9EVANl9a,https://api.spotify.com/v1/tracks/0JxYzv0KXh2XuC9EVANl9a,https://api.spotify.com/v1/audio-analysis/0JxYzv0KXh2XuC9EVANl9a,277356,4,blue
0.529,0.445,11,-16.918,1,0.0413,0.0319,0.792,0.506,0.268,126.997,audio_features,6BSqt9TiWdDiYR3DAvOal8,spotify:track:6BSqt9TiWdDiYR3DAvOal8,https://api.spotify.com/v1/tracks/6BSqt9TiWdDiYR3DAvOal8,https://api.spotify.com/v1/audio-analysis/6BSqt9TiWdDiYR3DAvOal8,468890,3,blue
0.648,0.589,0,-12.661,1,0.0351,0.182,0.911,0.148,0.0634,122.004,audio_features,1lLB0JErnXsekz6uMcAkiH,spotify:track:1lLB0JErnXsekz6uMcAkiH,https://api.spotify.com/v1/tracks/1lLB0JErnXsekz6uMcAkiH,https://api.spotify.com/v1/audio-analysis/1lLB0JErnXsekz6uMcAkiH,442640,4,blue
0.769,0.838,6,-10.841,1,0.0416,0.0472,0.916,0.125,0.0618,126.027,audio_features,3RxDmr0RuIT2MRBB9nRhqd,spotify:track:3RxDmr0RuIT2MRBB9nRhqd,https://api.spotify.com/v1/tracks/3RxDmr0RuIT2MRBB9nRhqd,https://api.spotify.com/v1/audio-analysis/3RxDmr0RuIT2MRBB9nRhqd,393780,4,blue
0.323,0.808,9,-15.723,1,0.0671,0.447,0.935,0.0736,0.0357,128.011,audio_features,5wVTsgWIIJu9sAxJkYmowu,spotify:track:5wVTsgWIIJu9sAxJkYmowu,https://api.spotify.com/v1/tracks/5wVTsgWIIJu9sAxJkYmowu,https://api.spotify.com/v1/audio-analysis/5wVTsgWIIJu9sAxJkYmowu,465000,4,blue
0.735,0.685,4,-14.318,0,0.0481,0.0971,0.83,0.251,0.19,118.009,audio_features,4RjYatfHXAZOzRcXJAwMoy,spotify:track:4RjYatfHXAZOzRcXJAwMoy,https://api.spotify.com/v1/tracks/4RjYatfHXAZOzRcXJAwMoy,https://api.spotify.com/v1/audio-analysis/4RjYatfHXAZOzRcXJAwMoy,435254,4,blue
0.661,0.682,10,-14.59,0,0.0438,0.051,0.878,0.111,0.0339,119.973,audio_features,4m8oWnVjlUHw67K5CY2o5O,spotify:track:4m8oWnVjlUHw67K5CY2o5O,https://api.spotify.com/v1/tracks/4m8oWnVjlUHw67K5CY2o5O,https://api.spotify.com/v1/audio-analysis/4m8oWnVjlUHw67K5CY2o5O,392000,4,blue
0.798,0.819,7,-10.985,1,0.139,0.346,0.874,0.186,0.0733,126.995,audio_features,2U2ucAX5qogATU2Fbmcthw,spotify:track:2U2ucAX5qogATU2Fbmcthw,https://api.spotify.com/v1/tracks/2U2ucAX5qogATU2Fbmcthw,https://api.spotify.com/v1/audio-analysis/2U2ucAX5qogATU2Fbmcthw,416693,4,blue
0.175,0.39,7,-15.969,1,0.0517,0.41,0.788,0.08,0.0391,119.977,audio_features,1UdC6AZ9h6U3lxwK6EkCp7,spotify:track:1UdC6AZ9h6U3lxwK6EkCp7,https://api.spotify.com/v1/tracks/1UdC6AZ9h6U3lxwK6EkCp7,https://api.spotify.com/v1/audio-analysis/1UdC6AZ9h6U3lxwK6EkCp7,384341,4,blue
0.771,0.451,6,-15.871,0,0.0989,0.0429,0.906,0.105,0.139,128.004,audio_features,3lC3m3WIJTsDE3Ett9ECNP,spotify:track:3lC3m3WIJTsDE3Ett9ECNP,https://api.spotify.com/v1/tracks/3lC3m3WIJTsDE3Ett9ECNP,https://api.spotify.com/v1/audio-analysis/3lC3m3WIJTsDE3Ett9ECNP,383226,4,black
0.692,0.452,7,-17.384,1,0.0587,0.164,0.905,0.0725,0.0278,124.009,audio_features,7eR9Dq84UiErdOQc9chH8j,spotify:track:7eR9Dq84UiErdOQc9chH8j,https://api.spotify.com/v1/tracks/7eR9Dq84UiErdOQc9chH8j,https://api.spotify.com/v1/audio-analysis/7eR9Dq84UiErdOQc9chH8j,558672,4,black
0.717,0.308,9,-23.2,0,0.0556,0.773,0.933,0.0992,0.509,122.003,audio_features,5za0ViQMeo4MFtszIWLVLw,spotify:track:5za0ViQMeo4MFtszIWLVLw,https://api.spotify.com/v1/tracks/5za0ViQMeo4MFtszIWLVLw,https://api.spotify.com/v1/audio-analysis/5za0ViQMeo4MFtszIWLVLw,539446,4,black
0.658,0.755,2,-12.87,1,0.0415,0.55,0.911,0.249,0.0294,124.018,audio_features,7Isu6MsneL12vqs7mBgtJi,spotify:track:7Isu6MsneL12vqs7mBgtJi,https://api.spotify.com/v1/tracks/7Isu6MsneL12vqs7mBgtJi,https://api.spotify.com/v1/audio-analysis/7Isu6MsneL12vqs7mBgtJi,627097,4,black
0.809,0.631,0,-12.967,0,0.062,0.178,0.939,0.0666,0.574,120.996,audio_features,7hWHoo2W2gcO2jZw4NVo8E,spotify:track:7hWHoo2W2gcO2jZw4NVo8E,https://api.spotify.com/v1/tracks/7hWHoo2W2gcO2jZw4NVo8E,https://api.spotify.com/v1/audio-analysis/7hWHoo2W2gcO2jZw4NVo8E,357051,4,black
0.635,0.606,11,-12.446,0,0.0369,0.0251,0.872,0.106,0.3,128.005,audio_features,0LFU3yQTVa2DQuKS4Lva3D,spotify:track:0LFU3yQTVa2DQuKS4Lva3D,https://api.spotify.com/v1/tracks/0LFU3yQTVa2DQuKS4Lva3D,https://api.spotify.com/v1/audio-analysis/0LFU3yQTVa2DQuKS4Lva3D,349400,4,black
0.434,0.463,7,-20.966,1,0.0811,0.148,0.851,0.132,0.0948,124.785,audio_features,7kfAbcKnRajKOmuACF3dxl,spotify:track:7kfAbcKnRajKOmuACF3dxl,https://api.spotify.com/v1/tracks/7kfAbcKnRajKOmuACF3dxl,https://api.spotify.com/v1/audio-analysis/7kfAbcKnRajKOmuACF3dxl,322560,3,black
0.562,0.583,7,-16.046,1,0.0382,0.183,0.887,0.277,0.0543,130.978,audio_features,3QQDdRMzR8vDLZlJOQqBwx,spotify:track:3QQDdRMzR8vDLZlJOQqBwx,https://api.spotify.com/v1/tracks/3QQDdRMzR8vDLZlJOQqBwx,https://api.spotify.com/v1/audio-analysis/3QQDdRMzR8vDLZlJOQqBwx,479582,5,black
0.286,0.388,7,-18.048,1,0.0442,0.706,0.935,0.0871,0.302,80.765,audio_features,3UWZekL20itzZF344cU7Mo,spotify:track:3UWZekL20itzZF344cU7Mo,https://api.spotify.com/v1/tracks/3UWZekL20itzZF344cU7Mo,https://api.spotify.com/v1/audio-analysis/3UWZekL20itzZF344cU7Mo,336091,3,black
0.649,0.453,11,-17.722,0,0.0396,0.414,0.93,0.104,0.283,127.994,audio_features,7FG2WAgDAmbTnoLgxq0FB4,spotify:track:7FG2WAgDAmbTnoLgxq0FB4,https://api.spotify.com/v1/tracks/7FG2WAgDAmbTnoLgxq0FB4,https://api.spotify.com/v1/audio-analysis/7FG2WAgDAmbTnoLgxq0FB4,510746,4,black
0.641,0.661,11,-12.391,0,0.0384,0.151,0.907,0.11,0.361,120.016,audio_features,5JrcisQ3LUKAoxwseRwK3c,spotify:track:5JrcisQ3LUKAoxwseRwK3c,https://api.spotify.com/v1/tracks/5JrcisQ3LUKAoxwseRwK3c,https://api.spotify.com/v1/audio-analysis/5JrcisQ3LUKAoxwseRwK3c,439947,3,black
0.661,0.845,4,-15.664,1,0.0466,0.00148,0.838,0.112,0.0366,133.998,audio_features,1vprzzA70eFsNb3Ik2EH5O,spotify:track:1vprzzA70eFsNb3Ik2EH5O,https://api.spotify.com/v1/tracks/1vprzzA70eFsNb3Ik2EH5O,https://api.spotify.com/v1/audio-analysis/1vprzzA70eFsNb3Ik2EH5O,401194,4,black
0.699,0.228,4,-20.422,0,0.0354,0.878,0.935,0.0853,0.285,129.993,audio_features,1s0F5oy6taxtFLSK9mqxpj,spotify:track:1s0F5oy6taxtFLSK9mqxpj,https://api.spotify.com/v1/tracks/1s0F5oy6taxtFLSK9mqxpj,https://api.spotify.com/v1/audio-analysis/1s0F5oy6taxtFLSK9mqxpj,325210,5,black
0.603,0.379,1,-15.207,1,0.0606,0.0033,0.844,0.0947,0.181,127.002,audio_features,657oM8OYbdtnlEzlUiPTjP,spotify:track:657oM8OYbdtnlEzlUiPTjP,https://api.spotify.com/v1/tracks/657oM8OYbdtnlEzlUiPTjP,https://api.spotify.com/v1/audio-analysis/657oM8OYbdtnlEzlUiPTjP,423836,3,black
0.583,0.555,2,-13.947,1,0.0413,0.625,0.925,0.0767,0.0399,126.006,audio_features,3uXLNuo0fMgJ4gQ7BDX2Ee,spotify:track:3uXLNuo0fMgJ4gQ7BDX2Ee,https://api.spotify.com/v1/tracks/3uXLNuo0fMgJ4gQ7BDX2Ee,https://api.spotify.com/v1/audio-analysis/3uXLNuo0fMgJ4gQ7BDX2Ee,380952,4,black
0.625,0.712,10,-13.683,0,0.25,0.398,0.923,0.143,0.314,200.003,audio_features,6olK25sisZRUP1SFE5pl6z,spotify:track:6olK25sisZRUP1SFE5pl6z,https://api.spotify.com/v1/tracks/6olK25sisZRUP1SFE5pl6z,https://api.spotify.com/v1/audio-analysis/6olK25sisZRUP1SFE5pl6z,584690,3,black
0.724,0.769,7,-12.834,1,0.14,0.026,0.806,0.129,0.334,119.002,audio_features,65Pm8aWmD5lwItcT2MQi0s,spotify:track:65Pm8aWmD5lwItcT2MQi0s,https://api.spotify.com/v1/tracks/65Pm8aWmD5lwItcT2MQi0s,https://api.spotify.com/v1/audio-analysis/65Pm8aWmD5lwItcT2MQi0s,398177,4,black
0.785,0.895,5,-12.38,1,0.0552,9.58E-05,0.862,0.0845,0.43,123.005,audio_features,3WrdUJ3lAOmrRq5JPg44bi,spotify:track:3WrdUJ3lAOmrRq5JPg44bi,https://api.spotify.com/v1/tracks/3WrdUJ3lAOmrRq5JPg44bi,https://api.spotify.com/v1/audio-analysis/3WrdUJ3lAOmrRq5JPg44bi,483907,3,black
0.544,0.384,6,-23.535,1,0.0405,0.603,0.905,0.0677,0.314,126.99,audio_features,0Wdu42IA2KcvO3nz1UOyt5,spotify:track:0Wdu42IA2KcvO3nz1UOyt5,https://api.spotify.com/v1/tracks/0Wdu42IA2KcvO3nz1UOyt5,https://api.spotify.com/v1/audio-analysis/0Wdu42IA2KcvO3nz1UOyt5,351496,3,black
0.55,0.805,5,-11.555,1,0.0419,0.771,0.852,0.124,0.828,196.093,audio_features,3AO2xxvmoYJczhBAcvoxFH,spotify:track:3AO2xxvmoYJczhBAcvoxFH,https://api.spotify.com/v1/tracks/3AO2xxvmoYJczhBAcvoxFH,https://api.spotify.com/v1/audio-analysis/3AO2xxvmoYJczhBAcvoxFH,346506,4,black
0.61,0.661,10,-13.387,0,0.0405,0.103,0.88,0.11,0.115,127.997,audio_features,0jQcVN6tajgPqr6UukGErV,spotify:track:0jQcVN6tajgPqr6UukGErV,https://api.spotify.com/v1/tracks/0jQcVN6tajgPqr6UukGErV,https://api.spotify.com/v1/audio-analysis/0jQcVN6tajgPqr6UukGErV,392313,3,black
0.625,0.456,8,-20.635,0,0.0413,0.456,0.941,0.107,0.0389,129.294,audio_features,5y5MBqI5zdHvA8B4EXpBDg,spotify:track:5y5MBqI5zdHvA8B4EXpBDg,https://api.spotify.com/v1/tracks/5y5MBqI5zdHvA8B4EXpBDg,https://api.spotify.com/v1/audio-analysis/5y5MBqI5zdHvA8B4EXpBDg,390023,3,black
0.789,0.672,11,-9.852,1,0.0456,0.000724,0.89,0.196,0.0348,124.013,audio_features,5gbovENhKcYbGDyAtLJZ3L,spotify:track:5gbovENhKcYbGDyAtLJZ3L,https://api.spotify.com/v1/tracks/5gbovENhKcYbGDyAtLJZ3L,https://api.spotify.com/v1/audio-analysis/5gbovENhKcYbGDyAtLJZ3L,430000,3,black
0.548,0.873,4,-11.927,0,0.0384,0.177,0.895,0.204,0.0237,119.976,audio_features,4FZM5pSaUlzpvdjVhy0zK6,spotify:track:4FZM5pSaUlzpvdjVhy0zK6,https://api.spotify.com/v1/tracks/4FZM5pSaUlzpvdjVhy0zK6,https://api.spotify.com/v1/audio-analysis/4FZM5pSaUlzpvdjVhy0zK6,578125,5,black
0.623,0.939,7,-13.69,1,0.0584,0.467,0.911,0.112,0.25,129.998,audio_features,1LAtkB5udB3URPhPJXzCGX,spotify:track:1LAtkB5udB3URPhPJXzCGX,https://api.spotify.com/v1/tracks/1LAtkB5udB3URPhPJXzCGX,https://api.spotify.com/v1/audio-analysis/1LAtkB5udB3URPhPJXzCGX,295840,4,black
0.618,0.7,11,-15.671,0,0.0398,0.000267,0.366,0.068,0.145,134.998,audio_features,74S6QAQhv94QEusOTLsXss,spotify:track:74S6QAQhv94QEusOTLsXss,https://api.spotify.com/v1/tracks/74S6QAQhv94QEusOTLsXss,https://api.spotify.com/v1/audio-analysis/74S6QAQhv94QEusOTLsXss,302222,4,black
0.504,0.605,8,-13.751,1,0.0435,0.000124,0.929,0.112,0.139,127.018,audio_features,270dRk79Fk1nnDLnIg7O8L,spotify:track:270dRk79Fk1nnDLnIg7O8L,https://api.spotify.com/v1/tracks/270dRk79Fk1nnDLnIg7O8L,https://api.spotify.com/v1/audio-analysis/270dRk79Fk1nnDLnIg7O8L,408189,4,black
0.605,0.77,2,-12.297,0,0.0403,0.00832,0.944,0.106,0.0351,128.999,audio_features,76OdRPhUzvIf9vqfgLTKGv,spotify:track:76OdRPhUzvIf9vqfgLTKGv,https://api.spotify.com/v1/tracks/76OdRPhUzvIf9vqfgLTKGv,https://api.spotify.com/v1/audio-analysis/76OdRPhUzvIf9vqfgLTKGv,431643,4,black
0.802,0.794,11,-12.331,0,0.0945,0.0892,0.903,0.133,0.079,126.012,audio_features,7GuOHzHFxpUFgJppcckoXt,spotify:track:7GuOHzHFxpUFgJppcckoXt,https://api.spotify.com/v1/tracks/7GuOHzHFxpUFgJppcckoXt,https://api.spotify.com/v1/audio-analysis/7GuOHzHFxpUFgJppcckoXt,373994,4,black
0.692,0.762,7,-12.976,1,0.053,0.182,0.888,0.0853,0.0359,126.005,audio_features,0rtWjuUcYXACSdsw6hjf29,spotify:track:0rtWjuUcYXACSdsw6hjf29,https://api.spotify.com/v1/tracks/0rtWjuUcYXACSdsw6hjf29,https://api.spotify.com/v1/audio-analysis/0rtWjuUcYXACSdsw6hjf29,610186,4,black
0.618,0.707,7,-11.36,1,0.0394,0.000293,0.837,0.11,0.0413,125.988,audio_features,1ZTDB5eXH3V6bV6ZotZGOe,spotify:track:1ZTDB5eXH3V6bV6ZotZGOe,https://api.spotify.com/v1/tracks/1ZTDB5eXH3V6bV6ZotZGOe,https://api.spotify.com/v1/audio-analysis/1ZTDB5eXH3V6bV6ZotZGOe,431866,4,white
0.728,0.585,1,-15.158,1,0.088,0.229,0.913,0.285,0.096,125.014,audio_features,5crYdphAyKR16HS1xWQmTa,spotify:track:5crYdphAyKR16HS1xWQmTa,https://api.spotify.com/v1/tracks/5crYdphAyKR16HS1xWQmTa,https://api.spotify.com/v1/audio-analysis/5crYdphAyKR16HS1xWQmTa,506880,4,white
0.797,0.882,1,-9.969,0,0.0777,0.165,0.931,0.11,0.257,123.014,audio_features,6OPeMdaUuL8BfXwVmVX69u,spotify:track:6OPeMdaUuL8BfXwVmVX69u,https://api.spotify.com/v1/tracks/6OPeMdaUuL8BfXwVmVX69u,https://api.spotify.com/v1/audio-analysis/6OPeMdaUuL8BfXwVmVX69u,499512,4,white
0.613,0.42,10,-18.547,0,0.0545,0.198,0.92,0.0975,0.352,123.96,audio_features,2pomRfi7JllgPiKg4PEt42,spotify:track:2pomRfi7JllgPiKg4PEt42,https://api.spotify.com/v1/tracks/2pomRfi7JllgPiKg4PEt42,https://api.spotify.com/v1/audio-analysis/2pomRfi7JllgPiKg4PEt42,541948,4,white
0.332,0.742,5,-11.43,0,0.0423,0.0112,0.899,0.0663,0.201,125.052,audio_features,74zgYTcIO6Nlcg8EQHZr39,spotify:track:74zgYTcIO6Nlcg8EQHZr39,https://api.spotify.com/v1/tracks/74zgYTcIO6Nlcg8EQHZr39,https://api.spotify.com/v1/audio-analysis/74zgYTcIO6Nlcg8EQHZr39,233268,4,white
0.625,0.452,1,-16.766,1,0.0392,0.607,0.905,0.111,0.169,126.002,audio_features,3OjeikArfLgB1eujrOVhwE,spotify:track:3OjeikArfLgB1eujrOVhwE,https://api.spotify.com/v1/tracks/3OjeikArfLgB1eujrOVhwE,https://api.spotify.com/v1/audio-analysis/3OjeikArfLgB1eujrOVhwE,377626,4,white
0.595,0.519,6,-13.068,0,0.0607,0.128,0.942,0.13,0.2,127.006,audio_features,5rFyoknOAyfI1t1aIbReix,spotify:track:5rFyoknOAyfI1t1aIbReix,https://api.spotify.com/v1/tracks/5rFyoknOAyfI1t1aIbReix,https://api.spotify.com/v1/audio-analysis/5rFyoknOAyfI1t1aIbReix,370833,4,white
0.718,0.883,6,-10.527,1,0.0533,0.00294,0.777,0.0786,0.318,128.001,audio_features,5835XxGnLViAfoFCaRlsTs,spotify:track:5835XxGnLViAfoFCaRlsTs,https://api.spotify.com/v1/tracks/5835XxGnLViAfoFCaRlsTs,https://api.spotify.com/v1/audio-analysis/5835XxGnLViAfoFCaRlsTs,379600,4,white
0.754,0.747,1,-15.506,1,0.0495,0.152,0.936,0.1,0.145,130.978,audio_features,6vwP7NYEkODDYDesCumU1F,spotify:track:6vwP7NYEkODDYDesCumU1F,https://api.spotify.com/v1/tracks/6vwP7NYEkODDYDesCumU1F,https://api.spotify.com/v1/audio-analysis/6vwP7NYEkODDYDesCumU1F,483615,3,white
0.696,0.545,8,-11.994,0,0.23,0.0944,0.916,0.0744,0.255,83.975,audio_features,2ZdufCnwqq7ixB1I053V6q,spotify:track:2ZdufCnwqq7ixB1I053V6q,https://api.spotify.com/v1/tracks/2ZdufCnwqq7ixB1I053V6q,https://api.spotify.com/v1/audio-analysis/2ZdufCnwqq7ixB1I053V6q,331024,4,white
0.736,0.657,6,-15.679,1,0.0541,0.0602,0.93,0.0962,0.0318,131.004,audio_features,0aNMDYhIWGr0f5yjP6QkUk,spotify:track:0aNMDYhIWGr0f5yjP6QkUk,https://api.spotify.com/v1/tracks/0aNMDYhIWGr0f5yjP6QkUk,https://api.spotify.com/v1/audio-analysis/0aNMDYhIWGr0f5yjP6QkUk,405837,4,white
0.741,0.328,4,-20.214,0,0.0454,0.622,0.879,0.0802,0.0388,118.995,audio_features,7d6tdEHFW2ckWqEzCiKccH,spotify:track:7d6tdEHFW2ckWqEzCiKccH,https://api.spotify.com/v1/tracks/7d6tdEHFW2ckWqEzCiKccH,https://api.spotify.com/v1/audio-analysis/7d6tdEHFW2ckWqEzCiKccH,528039,4,white
0.539,0.703,6,-12.301,0,0.077,0.00296,0.884,0.0925,0.238,137.009,audio_features,3uQ8mgGaiJMgecYeS4qtjQ,spotify:track:3uQ8mgGaiJMgecYeS4qtjQ,https://api.spotify.com/v1/tracks/3uQ8mgGaiJMgecYeS4qtjQ,https://api.spotify.com/v1/audio-analysis/3uQ8mgGaiJMgecYeS4qtjQ,388345,4,white
0.756,0.513,1,-14.989,1,0.103,0.0506,0.921,0.108,0.227,125.039,audio_features,32XCpAalFfGRR3RRXf4Fed,spotify:track:32XCpAalFfGRR3RRXf4Fed,https://api.spotify.com/v1/tracks/32XCpAalFfGRR3RRXf4Fed,https://api.spotify.com/v1/audio-analysis/32XCpAalFfGRR3RRXf4Fed,363942,4,white
0.76,0.389,1,-17.005,1,0.162,0.34,0.848,0.106,0.554,119.998,audio_features,4CbfRI2dY0Vlc1zzxBZMJq,spotify:track:4CbfRI2dY0Vlc1zzxBZMJq,https://api.spotify.com/v1/tracks/4CbfRI2dY0Vlc1zzxBZMJq,https://api.spotify.com/v1/audio-analysis/4CbfRI2dY0Vlc1zzxBZMJq,352943,4,white
0.636,0.518,7,-15.248,1,0.0558,0.00272,0.904,0.503,0.0356,123.998,audio_features,04FI5syhRya8o18T2U8kGl,spotify:track:04FI5syhRya8o18T2U8kGl,https://api.spotify.com/v1/tracks/04FI5syhRya8o18T2U8kGl,https://api.spotify.com/v1/audio-analysis/04FI5syhRya8o18T2U8kGl,471597,4,white
0.718,0.57,7,-17.884,1,0.066,0.283,0.891,0.0826,0.242,125.001,audio_features,1AZp0TCb255CU4oEWBLbKg,spotify:track:1AZp0TCb255CU4oEWBLbKg,https://api.spotify.com/v1/tracks/1AZp0TCb255CU4oEWBLbKg,https://api.spotify.com/v1/audio-analysis/1AZp0TCb255CU4oEWBLbKg,646142,4,white
0.629,0.745,7,-14.363,1,0.038,0.648,0.898,0.0882,0.0825,124.003,audio_features,3ymPvs9A8GOitGKUg7Z83D,spotify:track:3ymPvs9A8GOitGKUg7Z83D,https://api.spotify.com/v1/tracks/3ymPvs9A8GOitGKUg7Z83D,https://api.spotify.com/v1/audio-analysis/3ymPvs9A8GOitGKUg7Z83D,442912,4,white
0.685,0.66,1,-14.301,1,0.0535,0.0184,0.89,0.103,0.124,120.026,audio_features,6sUC7aPsA3Yo6GvuMyeSyt,spotify:track:6sUC7aPsA3Yo6GvuMyeSyt,https://api.spotify.com/v1/tracks/6sUC7aPsA3Yo6GvuMyeSyt,https://api.spotify.com/v1/audio-analysis/6sUC7aPsA3Yo6GvuMyeSyt,463997,4,white
0.309,0.469,3,-15.829,1,0.046,0.84,0.94,0.104,0.305,88.02,audio_features,7uwOCRfYkq8lqMcBL5mm8P,spotify:track:7uwOCRfYkq8lqMcBL5mm8P,https://api.spotify.com/v1/tracks/7uwOCRfYkq8lqMcBL5mm8P,https://api.spotify.com/v1/audio-analysis/7uwOCRfYkq8lqMcBL5mm8P,305206,4,white
0.764,0.564,11,-12.78,0,0.212,0.203,0.903,0.0939,0.283,138.03,audio_features,6xB5UbnhJYIXLryJ2vP4g8,spotify:track:6xB5UbnhJYIXLryJ2vP4g8,https://api.spotify.com/v1/tracks/6xB5UbnhJYIXLryJ2vP4g8,https://api.spotify.com/v1/audio-analysis/6xB5UbnhJYIXLryJ2vP4g8,325698,4,white
0.709,0.538,11,-12.844,0,0.0735,0.312,0.896,0.102,0.08,117.997,audio_features,05qEy99GxX1EHVitNyeNV1,spotify:track:05qEy99GxX1EHVitNyeNV1,https://api.spotify.com/v1/tracks/05qEy99GxX1EHVitNyeNV1,https://api.spotify.com/v1/audio-analysis/05qEy99GxX1EHVitNyeNV1,378220,4,white
0.606,0.51,7,-17.147,1,0.0618,0.707,0.914,0.0761,0.0306,121.987,audio_features,1pTVunoDoPWSjZ2pdkYAEu,spotify:track:1pTVunoDoPWSjZ2pdkYAEu,https://api.spotify.com/v1/tracks/1pTVunoDoPWSjZ2pdkYAEu,https://api.spotify.com/v1/audio-analysis/1pTVunoDoPWSjZ2pdkYAEu,403279,4,white
0.6,0.628,11,-15.546,0,0.0414,0.255,0.904,0.11,0.038,126.988,audio_features,1uVlAWGsCuqwqDppYkBWUH,spotify:track:1uVlAWGsCuqwqDppYkBWUH,https://api.spotify.com/v1/tracks/1uVlAWGsCuqwqDppYkBWUH,https://api.spotify.com/v1/audio-analysis/1uVlAWGsCuqwqDppYkBWUH,439648,4,white
0.658,0.722,1,-18.116,1,0.0422,0.505,0.953,0.119,0.706,139.994,audio_features,5YVkAZFBoryHZSt1dICfSn,spotify:track:5YVkAZFBoryHZSt1dICfSn,https://api.spotify.com/v1/tracks/5YVkAZFBoryHZSt1dICfSn,https://api.spotify.com/v1/audio-analysis/5YVkAZFBoryHZSt1dICfSn,318837,4,white
0.729,0.491,9,-15.615,0,0.041,0.061,0.857,0.314,0.0354,106.994,audio_features,6xWoZldR4hbisifBqfOtGV,spotify:track:6xWoZldR4hbisifBqfOtGV,https://api.spotify.com/v1/tracks/6xWoZldR4hbisifBqfOtGV,https://api.spotify.com/v1/audio-analysis/6xWoZldR4hbisifBqfOtGV,442900,4,white
0.175,0.172,0,-19.747,0,0.0403,0.87,0.951,0.162,0.0399,60.538,audio_features,0w7tAk5ZjIkBQeQDvmMluC,spotify:track:0w7tAk5ZjIkBQeQDvmMluC,https://api.spotify.com/v1/tracks/0w7tAk5ZjIkBQeQDvmMluC,https://api.spotify.com/v1/audio-analysis/0w7tAk5ZjIkBQeQDvmMluC,189009,3,white
0.182,0.283,5,-19.941,1,0.0465,0.91,0.923,0.0788,0.04,173.4,audio_features,6nl3iki3UpIplIhXoAEvuI,spotify:track:6nl3iki3UpIplIhXoAEvuI,https://api.spotify.com/v1/tracks/6nl3iki3UpIplIhXoAEvuI,https://api.spotify.com/v1/audio-analysis/6nl3iki3UpIplIhXoAEvuI,390168,4,white
0.716,0.71,4,-10.86,0,0.065,0.333,0.881,0.111,0.128,126.008,audio_features,40iZT9H0EIruaCenHrPFvf,spotify:track:40iZT9H0EIruaCenHrPFvf,https://api.spotify.com/v1/tracks/40iZT9H0EIruaCenHrPFvf,https://api.spotify.com/v1/audio-analysis/40iZT9H0EIruaCenHrPFvf,388625,4,white
0.682,0.643,11,-11.743,0,0.0464,0.0058,0.884,0.112,0.0399,122.985,audio_features,0NBFgQFYM1iW9QuJ3TSePJ,spotify:track:0NBFgQFYM1iW9QuJ3TSePJ,https://api.spotify.com/v1/tracks/0NBFgQFYM1iW9QuJ3TSePJ,https://api.spotify.com/v1/audio-analysis/0NBFgQFYM1iW9QuJ3TSePJ,409509,4,white
